{"0":[1.372116667,43.618963889],"1":[1.372016751,43.619059862],"2":[1.371703332,43.619360912],"3":[1.371468441,43.619586533],"4":[1.371364003,43.619667262],"5":[1.3713364,43.619694125],"6":[1.37130529,43.619718469],"7":[1.371264514,43.619743713],"8":[1.37120238,43.619770899],"9":[1.371118886,43.619800027],"10":[1.371072296,43.619810362],"11":[1.371023144,43.619817431],"12":[1.370970262,43.619821007],"13":[1.370916573,43.619820496],"14":[1.370860832,43.619819009],"15":[1.370821503,43.61981796],"16":[1.370761085,43.619813929],"17":[1.370612467,43.619800938],"18":[1.370522764,43.619788652],"19":[1.37045667,43.619775735],"20":[1.370383703,43.619755679],"21":[1.370301927,43.61972727],"22":[1.370204167,43.619686049],"23":[1.369601175,43.619353657],"24":[1.369531563,43.619331444],"25":[1.3694207,43.619295581],"26":[1.369349807,43.619282057],"27":[1.369278193,43.619272181],"28":[1.369180567,43.619264384],"29":[1.36908951,43.619263568],"30":[1.369009184,43.619268641],"31":[1.368927868,43.619279205],"32":[1.36885231,43.619294298],"33":[1.368770028,43.619316051],"34":[1.368703441,43.619336744],"35":[1.368655029,43.619355092],"36":[1.368601227,43.619382152],"37":[1.368512991,43.619436889],"38":[1.368446579,43.619478038],"39":[1.366613251,43.621239278],"40":[1.365656765,43.622152509],"41":[1.363194125,43.624522927],"42":[1.363131769,43.624642165],"43":[1.363093005,43.624726048],"44":[1.363083983,43.624764916],"45":[1.363078816,43.624811425],"46":[1.363078256,43.624860737],"47":[1.3630833,43.6249154],"48":[1.363093304,43.624969465],"49":[1.363108326,43.625022064],"50":[1.363136418,43.625090717],"51":[1.363169953,43.625148595],"52":[1.363203392,43.625192078],"53":[1.36324252,43.625233577],"54":[1.363296192,43.625287064],"55":[1.363368814,43.62534465],"56":[1.363670323,43.625509935],"57":[1.364148757,43.625772208],"58":[1.364225859,43.62580404],"59":[1.364295357,43.625826689],"60":[1.364360195,43.625842476],"61":[1.364418677,43.625852282],"62":[1.364473189,43.625857386],"63":[1.364528372,43.625858216],"64":[1.364572787,43.625857483],"65":[1.364625924,43.625856607],"66":[1.364691409,43.625849909],"67":[1.364761715,43.625838075],"68":[1.36486516,43.625812385],"69":[1.364998595,43.625738566],"70":[1.365149163,43.625656419],"71":[1.366265751,43.624583896],"72":[1.366338612,43.624544876],"73":[1.366413857,43.624508629],"74":[1.366500295,43.624471593],"75":[1.366589676,43.624437985],"76":[1.366621944,43.624428423],"77":[1.36665944,43.6244217],"78":[1.366712025,43.624421474],"79":[1.366776279,43.624425268],"80":[1.366816972,43.624427671],"81":[1.367575396,43.624490576],"82":[1.367589398,43.624491737],"83":[1.367938072,43.624526202],"84":[1.369320077,43.6246513],"85":[1.369545506,43.624699831],"86":[1.369638492,43.624724924],"87":[1.369761429,43.624769658],"88":[1.369863379,43.624824998],"89":[1.369929479,43.6248778],"90":[1.3699905,43.624943075],"91":[1.370027697,43.625024184],"92":[1.370037264,43.625069112],"93":[1.370050106,43.625129418],"94":[1.370057279,43.625212843],"95":[1.370040402,43.625318751],"96":[1.370014952,43.625388918],"97":[1.369980621,43.625456346],"98":[1.369939016,43.625518892],"99":[1.369889125,43.625578879],"100":[1.368410081,43.627000142],"101":[1.366862063,43.628487685],"102":[1.365728904,43.629576575],"103":[1.360897787,43.634218958],"104":[1.359444835,43.635615148],"105":[1.358260906,43.636752826],"106":[1.358230274,43.636820125],"107":[1.358204781,43.636888001],"108":[1.358184425,43.636956453],"109":[1.358169206,43.637025482],"110":[1.358157712,43.637109241],"111":[1.358153644,43.637193833],"112":[1.358162541,43.637273575],"113":[1.35817666,43.637328625],"114":[1.358206765,43.637422815],"115":[1.358236346,43.637493027],"116":[1.35825572,43.637521319],"117":[1.358279073,43.637548375],"118":[1.358334499,43.637602154],"119":[1.35837969,43.637643609],"120":[1.35858529,43.637765079],"121":[1.358774036,43.637867215],"122":[1.359141278,43.638065941],"123":[1.359210082,43.638120254],"124":[1.359266105,43.63817605],"125":[1.359296057,43.638216329],"126":[1.359326237,43.638267923],"127":[1.359350017,43.638317891],"128":[1.359365007,43.638361739],"129":[1.359373997,43.638408205],"130":[1.359378156,43.638465341],"131":[1.359377523,43.638515391],"132":[1.359372408,43.638556992],"133":[1.359357521,43.638611571],"134":[1.359331926,43.638672098],"135":[1.359308254,43.638715871],"136":[1.359280258,43.638758569],"137":[1.357498459,43.640466531],"138":[1.355129812,43.642744778],"139":[1.355045052,43.642826303],"140":[1.354633907,43.643221283],"141":[1.354223227,43.643615817],"142":[1.354148935,43.643687754],"143":[1.35359322,43.644225851],"144":[1.353525284,43.644282047],"145":[1.353436004,43.644343613],"146":[1.35335666,43.644386874],"147":[1.353297936,43.644410859],"148":[1.353206937,43.644444408],"149":[1.353100021,43.644476536],"150":[1.3529893,43.644502317],"151":[1.352357063,43.644663032],"152":[1.349656119,43.645343782],"153":[1.349446844,43.645399597],"154":[1.349334701,43.64542844],"155":[1.349257673,43.645442488],"156":[1.349189535,43.645449513],"157":[1.349087552,43.645453401],"158":[1.349003724,43.645451909],"159":[1.348906821,43.64544332],"160":[1.34882388,43.645429567],"161":[1.348757833,43.645414029],"162":[1.348695224,43.645395278],"163":[1.348632016,43.64537451],"164":[1.348524577,43.645322961],"165":[1.348034353,43.645051118],"166":[1.346698677,43.644315851],"167":[1.346653261,43.644281044],"168":[1.346597238,43.644225248],"169":[1.346557722,43.644173336],"170":[1.346524033,43.644126279],"171":[1.346495199,43.644073395],"172":[1.346473611,43.644022753],"173":[1.346448677,43.6439438],"174":[1.346433041,43.643869594],"175":[1.346429701,43.643795926],"176":[1.346435475,43.64373977],"177":[1.346448488,43.643683932],"178":[1.346468739,43.643628411],"179":[1.346496229,43.643573208],"180":[1.347101543,43.642991783],"181":[1.348421632,43.641723792],"182":[1.349226438,43.640950747]}